{"cameraMode":{"drawMode":0,"name":"Shaded","section":"Shading Mode"},"sceneLighting":false,"audioPlay":false,"sceneViewState":{"showFog":true,"showMaterialUpdate":false,"showSkybox":false,"showFlares":true,"showImageEffects":true,"showParticleSystems":true},"in2DMode":false,"pivot":{"x":0.9882183074951172,"y":-1.475341796875,"z":-2.079833984375},"rotation":{"x":0.27769896388053896,"y":-0.0014409972354769707,"z":0.0004165520949754864,"w":0.9606673717498779},"size":3.1411855220794679,"orthographic":true}