{"cameraMode":{"drawMode":0,"name":"Shaded","section":"Shading Mode"},"sceneLighting":false,"audioPlay":false,"sceneViewState":{"showFog":true,"showMaterialUpdate":false,"showSkybox":false,"showFlares":true,"showImageEffects":true,"showParticleSystems":true},"in2DMode":false,"pivot":{"x":-20.105224609375,"y":1.1147594451904297,"z":-4.46875},"rotation":{"x":9.935662292903658e-10,"y":0.9989193677902222,"z":1.7444106159558715e-9,"w":0.04648325592279434},"size":7.14070463180542,"orthographic":true}