{"cameraMode":{"drawMode":0,"name":"Shaded","section":"Shading Mode"},"sceneLighting":true,"audioPlay":false,"sceneViewState":{"showFog":true,"showMaterialUpdate":false,"showSkybox":true,"showFlares":true,"showImageEffects":true,"showParticleSystems":true},"in2DMode":false,"pivot":{"x":0.15800078213214875,"y":0.0668632909655571,"z":17.1605224609375},"rotation":{"x":-0.34636664390563967,"y":0.6393027305603027,"z":-0.5624110698699951,"w":-0.393721342086792},"size":3.445828676223755,"orthographic":true}